{"cameraMode":{"drawMode":0,"name":"Shaded","section":"Shading Mode"},"sceneLighting":true,"audioPlay":false,"sceneViewState":{"m_AlwaysRefresh":false,"showFog":true,"showSkybox":true,"showFlares":true,"showImageEffects":true,"showParticleSystems":true,"showVisualEffectGraphs":true,"m_FxEnabled":true},"in2DMode":false,"pivot":{"x":2.7011477947235109,"y":1.5301004648208619,"z":6.1060686111450199},"rotation":{"x":0.010386474430561066,"y":-0.35309404134750368,"z":-0.003923078067600727,"w":-0.9355401992797852},"size":1.5287694931030274,"orthographic":false}